Time,Event Type,Protocol,URI,Source IP,Destination IP,File Hash,File Type,File Size,Action
11/17/16 18:13,File Scanned,http,http://dlied6.qq.com/invc/xfspeed/qqpcmgr/module_update/fid1479371227_QmTtInterface.dat.zip,10.0.0.123,131.118.254.41,ba34e71e2095bd1668f25fc953d63ff561b500f2159bb35a234f26c5898dc60f,ZIP,1657,Allowed
11/17/16 18:13,File Scanned,http,http://dlied6.qq.com/invc/xfspeed/qqpcmgr/module_update/fid1479384794_QMIESafeDll.dll.zip,10.0.0.123,131.118.254.41,6f8e63d47ced8b3ecd207898a4c7a8d610486017bd7d4f81d57fea197cace7f5,ZIP,130365,Allowed
11/17/16 11:18,File Scanned,http,http://download-cdn.gfe.nvidia.com/packages/DAO/production/21379285/0000976E/0.dat,10.0.0.123,192.229.210.202,3b1e56ecad11f3f8f29033512b6a6c23b1e3094d4aae9e757779834ca94c7e89,MS_EXE,9747672,Allowed
11/17/16 5:13,File Scanned,http,http://dlied6.qq.com/invc/xfspeed/qqpcmgr/module_update/fid1478330436_QMIESafeDll.dll.zip,10.0.0.123,104.129.67.145,a6e4d82a26748d43a12628543ec5366f510dcee81e245a38f7c1a1d009ee5ff3,ZIP,130401,Allowed
11/17/16 4:41,File Scanned,http,http://iosapps.itunes.apple.com/apple-assets-us-std-000001/Purple71/v4/fb/53/5d/fb535d6b-8ac4-8fa2-1fa5-f02e9eeea4a3/mzps.8768636143822326889.ipa?accessKey=1479580859_7837030190549598250_gsDRvHEcU15gGTxJPz8%2B7IpbNxafwPzIumW1zQLgw%2B6dvzj7o7UW%2F9Hql9abKRVRIS1WgSe0Ssxr%2FfqGsQWmxUdTvrsFNHt6%2Bg%2BspAU7jQY06hLPPJL2IhfQ6s2bLCnrBjoi6Jakg%2BkZMsAQHUMazaPkkt%2BybqHBnQmQMfD4eibfMjwftr%2Fc9byHR73EAcA4,10.0.0.126,17.253.21.205,f4bfb2b19639a866f9cdf3b29364f3ca85834d05d6e151b78d4d548cf3aded9d,ZIP,8871232,Allowed
11/17/16 1:13,File Scanned,http,http://dlied6.qq.com/invc/xfspeed/qqpcmgr/module_update/fid1478242781_QmTtInterface.dat.zip,10.0.0.123,131.118.254.38,6a87c13b8c5fea887d03c43bc5826a2d9ad8ae9fdd41d5d8ebeaa01d1892b20e,ZIP,1626,Allowed
11/16/16 23:13,File Scanned,http,http://dlied6.qq.com/invc/xfspeed/qqpcmgr/module_update/fid1479358739_QMIESafeDll.dll.zip,10.0.0.123,131.118.254.38,b1e100dd4fc2d0b938e683c463dc538aa26a3006556ea0c62fc6fda388490d03,ZIP,130259,Allowed
11/16/16 11:17,File Scanned,http,http://download-cdn.gfe.nvidia.com/packages/DAO/production/21376336/00009766/0.dat,10.0.0.123,192.229.210.202,5b10c63e29cc3796b9d4c07270280db7f3ec27d41bf067165586d80d9791f1b4,MS_EXE,9747696,Allowed
11/16/16 7:47,File Scanned,http,http://dlied6.qq.com/invc/xfspeed/qqpcmgr/data_update/did59_2016.11.16.1922_SoftVerInfo.etf.zip,10.0.0.123,131.118.254.41,c291e411f02f271152654eaa1b110ba3b0cd589d34d41560ac78ce65b88feb2d,ZIP,36060,Allowed
11/16/16 2:45,File Scanned,http,http://download.windowsupdate.com/c/msdownload/update/others/2016/11/23151470_166a9e28ad6487ae7c1c4eab37c5ae2ef8547fd8.cab,10.0.0.123,13.107.4.50,c7053bae9bd6a28aa2d1b0965d7a1c063d45914ca0851270f28d2bc4c8305618,MS_CABINET,697205,Allowed
11/16/16 1:07,File Scanned,http,http://appldnld.apple.com/ios10.0/031-66726-20161108-8FD23CFE-A12E-11E6-A23C-13FFA2A9A694/com_apple_MobileAsset_CoreSuggestionsQPAssets/a81e1d158edb370140ed6fb7dfa38a06fb9a24a9.zip,10.0.0.126,17.253.21.207,1a76ef83cb25f2bb176c3a98315418b37bf29b55fcfc4db0097fa0e9f9f45edd,ZIP,1266544,Allowed
11/16/16 1:07,File Scanned,http,http://appldnld.apple.com/ios10.0/031-66726-20161108-8FD23CFE-A12E-11E6-A23C-13FFA2A9A694/com_apple_MobileAsset_CoreSuggestionsQPAssets/abfe66cbcf08227b469b17367e126084633c3c13.zip,10.0.0.126,17.253.21.207,5d04cdccc7993441fa0bbc81eb9d3008619b72a4d6a8a09602683044490a53a0,ZIP,1364,Allowed
11/15/16 22:45,File Scanned,http,http://dldir2.qq.com/invc/xfspeed/tavupdate/p_201611091def2_20161114def2_20161115161008.zip,10.0.0.123,103.7.28.253,0538b4a4c5bceba79619f7a88deba8f950843789e88d69268a944918a42c5493,ZIP,212179,Allowed
11/15/16 20:17,File Scanned,http,http://download.windowsupdate.com/d/msdownload/update/others/2016/11/23135935_7e42605f583662f30e9b17761b9b5558da04e5d4.cab,10.0.0.111,104.129.67.139,a2c924e9d9d91c1f3fff613a81c76a98f77cc4facf0bad3718731c3bce7c4546,MS_CABINET,8689,Allowed
11/15/16 20:17,File Scanned,http,http://download.windowsupdate.com/d/msdownload/update/others/2016/11/23135924_5943055e1d2f445c4ff2220d6431856bc2ef4aad.cab,10.0.0.111,104.129.67.139,30c05d3019fb84843bbb3597df3874b9710161ad304cec16804ffd07cb2dc2e8,MS_CABINET,98099,Allowed
11/15/16 20:17,File Scanned,http,http://download.windowsupdate.com/c/msdownload/update/others/2016/11/23135898_411bd434e143516b4178d606305dc3260f4c779c.cab,10.0.0.111,104.129.67.139,5585cb6a2d10ad600122bfae7fa8788573a1424d9db0c0781dc17f3e1fa54c4f,MS_CABINET,8009,Allowed
11/15/16 20:17,File Scanned,http,http://download.windowsupdate.com/c/msdownload/update/others/2016/11/23135899_799d4c1cda9d860c206fdfbdd97d4e389294642c.cab,10.0.0.111,104.129.67.139,e1e9712e10ea23155857caca4d1cd16f84f301dac1612c9d1d65e5f57a292530,MS_CABINET,11671,Allowed
11/15/16 7:35,File Scanned,http,http://dlied6.qq.com/invc/qqpcmgr/other/cube_patch/SpeedupSkinDownloader15/QMRealTimeSpeedupSkinCenter.zip.zip,10.0.0.123,131.118.254.38,0cdba6851b179722dff66c5b77e736c53ba3012cc6db54e07560e21398a035b6,ZIP,255696,Allowed
11/15/16 1:13,File Scanned,http,http://dlied6.qq.com/invc/xfspeed/qqpcmgr/module_update/fid1479180274_daoefa.dat.zip,10.0.0.123,104.129.67.139,dfb3fc67d113901ef5ee669940e8b78eec6689844272c8228604a06b06d22ab3,ZIP,429,Allowed
11/14/16 20:13,File Scanned,http,http://dlied6.qq.com/invc/xfspeed/qqpcmgr/module_update/fid1479178500_QMIESafeDll.dll.zip,10.0.0.123,131.118.254.41,b45525ee69eeb6025ba59580274274dee3694a1caa5890c2c2372b7a95cfb24d,ZIP,130303,Allowed
11/14/16 17:35,File Scanned,http,"http://r8---sn-a8au-p5qs.gvt1.com/edgedl/release2/zeirnkcni5cljoiivcv2uemx4yu6v5yn3bc8pdpb4doovg7qh6rilan8gw6cegeekb4caghglper5fmo9ena5eixsrcehhvchgu/54.0.2840.99_54.0.2840.71_chrome_updater.exe?cms_redirect=yes&expire=1479188121&ip=129.2.204.195&ipbits=0&mm=28&mn=sn-a8au-p5qs&ms=nvh&mt=1479173638&mv=m&pl=26&shardbypass=yes&sparams=expire,ip,ipbits,mm,mn,ms,mv,pl,shardbypass&signature=7E57DEDE3943EEE1A7ED4BE71E179AADD287CF07.33B5E5D28FEEB79525F1D0DD2DE575505EF9095F&key=cms1",10.0.0.111,8.35.80.19,8bd2ca182b69587ad8f2a8200fa4c9bca0e111e15e44f96eb4c7076edcdf76c7,MS_EXE,2550648,Rejected
11/14/16 3:35,File Scanned,http,http://dlied6.qq.com/invc/xfspeed/qqpcmgr/module_update/fid1479110041_SpeedupSkinDownloader.etf.zip,10.0.0.123,131.118.254.38,639a6d809c136511096c603c60e49f5edccde5f48f4de264fd5fd7fd5ba6cd63,ZIP,660,Allowed
11/14/16 3:35,File Scanned,http,http://dlied6.qq.com/invc/xfspeed/qqpcmgr/module_update/fid1479110148_OperationFilesCfg.etf.zip,10.0.0.123,131.118.254.41,1f9862a4fea9642602686628377552b8621171e072bcb4ee022ad0d5c1a025e3,ZIP,660,Allowed
11/13/16 23:46,File Scanned,http,http://iosapps.itunes.apple.com/apple-assets-us-std-000001/Purple71/v4/64/f4/aa/64f4aa5f-3160-e697-af51-4efe03dc9881/mzps.8683393539840957697.ipa?accessKey=1479303960_4511050012236560492_guSXIgdJ3WthVAD2%2FEhjbL27%2FXCNwv%2F1x1fS30Jgget43d8Sje2nW8oK%2FpLL7E2%2FgRXXYupHOOrKikrAvc%2FurpeJiDTsfxpw2PZBmjXurgzwYrVmaPOZhfwFbqmN6FK5JHkap84YFP9IWM8mXSsKLckQnFYi9bZ%2Bzo%2FdiP%2FPQ251A2jsYBcQCeTr9i%2F4lkjV,10.0.0.126,17.253.21.207,0ea2302897928bea356579379672ec6991886d6202c3c6457c29007d0b71218a,ZIP,7216520,Allowed
11/13/16 21:45,File Scanned,http,http://dldir2.qq.com/invc/xfspeed/tavupdate/p_20161010def2_201611091def2_20161109140750.zip,10.0.0.123,103.7.29.30,561a8d8fca278b18c82017ac0301f9885f35d4ac7611a5b2cc5a889fbe241b13,ZIP,280512,Allowed
11/13/16 18:40,File Scanned,http,http://2.dl.delivery.mp.microsoft.com/filestreamingservice/files/c10ac517-97a8-47d1-8924-44567ca7c243,10.0.0.123,131.118.254.46,aff4d01bc5311620a8cc5c526ea5003e70aae91406b233eb69abb0643a461c77,MS_CABINET,219023,Allowed
11/13/16 17:57,File Scanned,http,http://issuecdn.baidupcs.com/issue/netdisk/pc-guanjia-update/5.5.0.20/updater_55020.cab,10.0.0.111,218.92.221.25,5d6506807c2198d09608ce26c5682dd5d413d7abdea85d4f47ed65c0fdc122e8,MS_CABINET,816689,Allowed
11/12/16 11:26,File Scanned,http,http://imasdk.googleapis.com/flash/core/3.252.0/adsapi.swf,10.0.0.123,216.58.218.234,1b176a73c2b9c9f3dc2f739d71ab279df4d8197e9e4943bef486c2a2a0484cde,SWF6,449774,Allowed
11/12/16 11:26,File Scanned,http,http://imasdk.googleapis.com/flash/sdkloader/adsapi_3.swf,10.0.0.123,216.58.218.234,1a23291c75b7b535d704b379bbb326bad164fed656d697400a7d5411b619ce91,SWF6,15156,Allowed
11/12/16 4:58,File Scanned,http,http://appldnld.apple.com/ios10.0/031-86857-20161108-A36192F0-A2A1-11E6-AE74-9284F9858D7F/com_apple_MobileAsset_TimeZoneUpdate/cfe87640a03027bed3bfaed5430121145c26ca20.zip,10.0.0.126,17.253.21.207,e3b37066c5b555a31a12ab8da6b266c147068b084734760c5623086b77d8fe97,ZIP,401046,Allowed
11/12/16 0:58,File Scanned,http,http://media.mtvnservices.com/edge/bento/miso.1.4.17.swf,10.0.0.123,104.129.67.145,548c7d986b1b537233b5a0c4bd9b442985145178f2f186478516c530208d4cf3,SWF6,150095,Allowed
11/12/16 0:39,File Scanned,http,http://i.gtimg.cn/club/item/parcel/scupdate/1000/keywordList_3.json/9a8dc827f93647debbbe12a555895392.json.zip,10.0.0.126,203.205.151.215,fdaa14f9910e2fcc794e835231ce2a70b2c914f0c34e63d7cc149ea32d885f51,ZIP,5478,Allowed
11/12/16 0:39,File Scanned,http,http://d.url.cn/myapp/qq_desk/qq_term/f/813/IOS_2016111106_1903.zip,10.0.0.126,61.240.128.160,b614a93935857fb7a34bd774c3482225ae21bba46e330a39407f18bf187a4a9b,ZIP,145493,Allowed
11/11/16 22:05,File Scanned,http,http://ccmdl.adobe.com/AdobeProducts/AME/11.0.0.131/osx10-64/ae17d8cf-925e-4ca6-9cb9-eb0b9bfc7b6a/AdobeMediaEncoder11AllTrial.zip,10.0.0.51,104.129.67.136,5f22a8893dd365edc62cf9c705c0c36422294cda31bba9e13ddaa5b49dc8b408,ZIP,2097152,Allowed
11/11/16 22:04,File Scanned,http,http://ccmdl.adobe.com/AdobeProducts/AUDT/10.0.0.130/osx10-64/cb32e1e3-408e-445d-a7b1-569a408d64bc/AdobeAudition10All.zip,10.0.0.51,104.129.67.136,cdb7dc26a8cff6c365cd51b733f9663f2faf00dd52585a010750bb1a64ead8c6,ZIP,2097152,Allowed
11/11/16 22:03,File Scanned,http,http://ccmdl.adobe.com/AdobeProducts/ANMLBETA/1.0.5.141/osx10-64/84a30cf7-d63b-409a-817a-c09e63b001dd/AdobeCharacterAnimatorAllTrial.zip,10.0.0.51,104.129.67.145,02978d1c0a3a36ff40f27dac463b680d7112cb7477e678404609eb1cb07af4bc,ZIP,2097152,Allowed
11/11/16 22:02,File Scanned,http,http://ccmdl.adobe.com/AdobeProducts/AEFT/14.0.0.207/osx10-64/71bd9df0-9013-4e36-b69b-c0a50f2e43e0/AdobeAfterEffects14AllTrial.zip,10.0.0.51,104.129.67.145,0c7d64ffe1e7a4a92f892ccef656a96e4161465131941899e80c0689dc89edbf,ZIP,2097152,Allowed
11/11/16 22:01,File Scanned,http,http://ccmdl.adobe.com/AdobeProducts/ILST/21.0.0.224/osx10-64/05af827c-e1ec-42d4-b5fb-6292d2e8900d/AdobeIllustrator21-en_US.zip,10.0.0.51,104.129.67.145,abce82dc524250d6a55cb65e756a5ccaf4792d300024b532176857da69a197a9,ZIP,2097152,Allowed
11/11/16 22:01,File Scanned,http,http://ccmdl.adobe.com/AdobeProducts/ILST/21.0.0.224/osx10-64/05af827c-e1ec-42d4-b5fb-6292d2e8900d/AdobeIllustrator21-Settings.zip,10.0.0.51,104.129.67.145,b9bad7029f75e53c9e58b9676b777d2ebde1a86df82667cf50767ddc3bf31891,ZIP,1071,Allowed
11/11/16 22:01,File Scanned,http,http://ccmdl.adobe.com/AdobeProducts/ILST/21.0.0.224/osx10-64/05af827c-e1ec-42d4-b5fb-6292d2e8900d/AdobeIllustrator21-Core.zip,10.0.0.51,104.129.67.136,7cf0272990cd70607ed1508461eb5cfa47138249db4389987f2fbf53a4597772,ZIP,2097152,Allowed
11/11/16 22:00,File Scanned,http,http://ccmdl.adobe.com/AdobeProducts/PHSP/18.0.0.53/osx10-64/e1c18859-a39a-4c2e-8a95-66f79af48539/AdobePhotoshop18-en_US.zip,10.0.0.51,104.129.67.145,e3b2ca9ab4495bc3912b5f42289b5657423cf7e1673c5b068d2a26c488d0741f,ZIP,58211,Allowed
11/11/16 22:00,File Scanned,http,http://ccmdl.adobe.com/AdobeProducts/PHSP/18.0.0.53/osx10-64/e1c18859-a39a-4c2e-8a95-66f79af48539/AdobePhotoshop18-Core.zip,10.0.0.51,104.129.67.136,92bbae5958ac3f73b395d7137af91558787cc19e62e9f6402df0e32e451f8fce,ZIP,2097152,Allowed
11/11/16 22:00,File Scanned,http,http://ccmdl.adobe.com/AdobeProducts/PSTI/1.3.0/osx10-64/a5abdd43-917e-4772-91ac-86a386b98527/AdobePreview1.3.0All-osx10.zip,10.0.0.51,104.129.67.136,cc64a5cc6c8fd2411cc2f8514ec1eee59b86cad6efe06e83810b7d0d5e186fb2,ZIP,2097152,Allowed
11/11/16 21:59,File Scanned,http,http://ccmdl.adobe.com/AdobeProducts/ACR/9.7.0.112/osx10-64/faf331b9-d16e-42fd-b13f-7f9b484b9eca/AdobeCameraRawProfile8.0All.zip,10.0.0.51,104.129.67.136,f7d860ec4deb39a0e58536f3b444d607810cc84b08ef18af8f8893cd684cb4ae,ZIP,2097152,Allowed
11/11/16 21:59,File Scanned,http,http://ccmdl.adobe.com/AdobeProducts/ACR/9.7.0.112/osx10-64/faf331b9-d16e-42fd-b13f-7f9b484b9eca/AdobeCameraRaw8.0All.zip,10.0.0.51,104.129.67.136,5ac157374e5bc3bb56a41f3432a78b05fed8433f35055036be3fbf1ae7060d3f,ZIP,2097152,Allowed
11/11/16 21:56,File Scanned,http,http://ccmdl.adobe.com/AdobeProducts/KCCC/1/osx10/packages/ACCC_3_9_1_CCXProcess_335/CCXProcess.zip,10.0.0.51,104.129.67.136,807fb8dcb76b6205b69d0a76b693ddfaf14d001faf9c4296b9d3c65916c056f6,ZIP,2097152,Allowed
11/11/16 21:56,File Scanned,http,http://ccmdl.adobe.com/AdobeProducts/KCCC/1/osx10/packages/ACCC_3_9_1_HDCore_335/HDCore.zip,10.0.0.51,104.129.67.136,d444eb30013ff26dc493edbf4fb5f2ddc93c954fdb06b5643d6b5835c6f7aa53,ZIP,2097152,Allowed
11/11/16 21:56,File Scanned,http,http://ccmdl.adobe.com/AdobeProducts/KCCC/1/osx10/packages/ACCC_3_9_1_StockPanel_335/SPanel.zip,10.0.0.51,104.129.67.136,f6935cd08f60c9f3968df7285d3a759d5fbcbfc6b35c4329899bcfe0e824807a,ZIP,2097152,Allowed
11/11/16 21:56,File Scanned,http,http://ccmdl.adobe.com/AdobeProducts/KCCC/1/osx10/packages/ACCC_3_9_1_BehancePanel_335/BehancePanel.zip,10.0.0.51,104.129.67.136,722eb7901f3815140dec5b334087cc6799349dea6b626cd11eda15cea88b6a87,ZIP,876544,Allowed
11/11/16 21:56,File Scanned,http,http://ccmdl.adobe.com/AdobeProducts/KCCC/1/osx10/packages/ACCC_3_9_1_MarketPanel_335/MarketPanel.zip,10.0.0.51,104.129.67.136,3bab6558033acc60520c3aaa5fd0df9eef6e4a31c4c66a3a97a5c43b33f93c6e,ZIP,1013210,Allowed
11/11/16 21:56,File Scanned,http,http://ccmdl.adobe.com/AdobeProducts/KCCC/1/osx10/packages/ACCC_3_9_1_FontsPanel_335/FontsPanel.zip,10.0.0.51,104.129.67.136,7325d90f6cbee5b7df254e44bd86f6299c1a349e59a49ae59fcc363af8e1945c,ZIP,579925,Allowed
11/11/16 21:55,File Scanned,http,http://ccmdl.adobe.com/AdobeProducts/KCCC/1/osx10/packages/ACCC_3_9_1_AssetsPanel_335/AssetsPanel.zip,10.0.0.51,104.129.67.136,5dc872d18eae658c726e40dea92618803911a63795c3ff8c02cef06f5b443ec7,ZIP,366064,Allowed
11/11/16 21:55,File Scanned,http,http://ccmdl.adobe.com/AdobeProducts/KCCC/1/osx10/packages/ACCC_3_9_1_FilesApp_335/FilesPanel.zip,10.0.0.51,104.129.67.136,fc80413caec5e03446c3d2e19c6b4df137e509a4c2a49086cedbb7686185c091,ZIP,2097152,Allowed
11/11/16 21:55,File Scanned,http,http://ccmdl.adobe.com/AdobeProducts/KCCC/1/osx10/packages/ACCC_3_9_1_AppsPanel_335/AppsPanel.zip,10.0.0.51,104.129.67.145,699f93a13b05e8d40143ba252a91cf83a946fa73c64c623a4dc606baeb53e9a9,ZIP,2097152,Allowed
11/11/16 21:55,File Scanned,http,http://ccmdl.adobe.com/AdobeProducts/KCCC/1/osx10/packages/ACCC_3_9_1_HomePanel_335/HomePanel.zip,10.0.0.51,104.129.67.145,46846f9105bed80e6ccee48e9d3ca12fd78da87dcdff679394d22b86cd1330a9,ZIP,1471114,Allowed
11/11/16 21:55,File Scanned,http,http://ccmdl.adobe.com/AdobeProducts/KCCC/1/osx10/packages/ACCC_3_9_1_CCLibrary_335/CCLibrary.zip,10.0.0.51,104.129.67.145,e4ab6f266d4ce9106b1c94d12101675e1210531bfd33e3d8a7de9e1437d27ebc,ZIP,2097152,Allowed
11/11/16 21:55,File Scanned,http,http://ccmdl.adobe.com/AdobeProducts/KCCC/1/osx10/packages/ACCC_3_9_1_CCSyncPlugin_335/CCSyncPlugin.zip,10.0.0.51,104.129.67.145,e2d25e5ab8c7d5eb479fdf78cd0c372e7b11c10d681ca2f32f7f3a5698b17196,ZIP,204692,Allowed
11/11/16 21:55,File Scanned,http,http://ccmdl.adobe.com/AdobeProducts/KCCC/1/osx10/packages/ACCC_3_9_1_SynKit_335/SynKit.zip,10.0.0.51,104.129.67.145,8e2acccd0ff27b6155982bdd0dd1ed5565d6ca77824fc4a8c28200916d3dd4c7,ZIP,49010,Allowed
11/11/16 21:55,File Scanned,http,http://ccmdl.adobe.com/AdobeProducts/KCCC/1/osx10/packages/ACCC_3_9_1_DesignLibraryPlugin_335/DesignLibraryPlugin.zip,10.0.0.51,104.129.67.145,548e93912503d85e23fa463a261000570e1a44a4336fc90c457df280bc0a72c9,ZIP,245627,Allowed
11/11/16 21:55,File Scanned,http,http://ccmdl.adobe.com/AdobeProducts/KCCC/1/osx10/packages/ACCC_3_9_1_ExchangePlugin_335/ExchangePlugin.zip,10.0.0.51,104.129.67.145,464bd99128b8ccccbcd1ceafb3342e1fae6bd3c11972603f21d9cd636a6ddeba,ZIP,2097152,Allowed
11/11/16 21:55,File Scanned,http,http://ccmdl.adobe.com/AdobeProducts/KCCC/1/osx10/packages/ACCC_3_9_1_CoreSyncExtension_335/CoreSyncExtension.zip,10.0.0.51,104.129.67.145,781ec01f2875e509d24840a071692606dc8466ebd0c6b25bf37357f118594f95,ZIP,1468884,Allowed
11/11/16 21:55,File Scanned,http,http://ccmdl.adobe.com/AdobeProducts/KCCC/1/osx10/packages/ACCC_3_9_1_CCCApp_335/ACCC.zip,10.0.0.51,104.129.67.145,a2b5fde3e6db619979a48800ccfaf0aac5dd586132c2c83398adaec32fdd9cb9,ZIP,2097152,Allowed
11/11/16 21:55,File Scanned,http,http://ccmdl.adobe.com/AdobeProducts/KCCC/1/osx10/packages/ACCC_3_9_1_CoreSync_335/CoreSync.zip,10.0.0.51,104.129.67.145,ef1735d2bcd2fc833282fe5788eb43b57d1e944f5d832495dc8c971c4928c772,ZIP,2097152,Allowed
11/11/16 21:55,File Scanned,http,http://ccmdl.adobe.com/AdobeProducts/KCCC/1/osx10/packages/ACCC_3_9_1_LiveType_335/LiveType.zip,10.0.0.51,104.129.67.145,9d5592a9fe6869fbd3df5fcb3355829fe600fbd4edc9e6be5b72b74f8865585e,ZIP,255948,Allowed
11/11/16 21:55,File Scanned,http,http://ccmdl.adobe.com/AdobeProducts/KCCC/1/osx10/packages/ACCC_3_9_1_utils_335/Utils.zip,10.0.0.51,104.129.67.145,ed042620d800ea9be0ac44f0582de3d86dd142071af9e4cc0b33a56f5cce8724,ZIP,2097152,Allowed
11/11/16 21:55,File Scanned,http,http://ccmdl.adobe.com/AdobeProducts/KCCC/1/osx10/packages/ACCC_3_9_1_SignInApp_335/SignInApp.zip,10.0.0.51,104.129.67.145,475f76beed1baef40bfe9ad0d714e8d1de894fc44f40c4ebaca32d74c2bbd0b1,ZIP,1336058,Allowed
11/11/16 21:55,File Scanned,http,http://ccmdl.adobe.com/AdobeProducts/KCCC/1/osx10/packages/ACCC_3_9_1_core_335/Core.zip,10.0.0.51,104.129.67.145,73143bd0042097e8866df8995ef0d040b053d9ff11d7f8fc448a63ec3c2768f1,ZIP,2097152,Allowed
11/11/16 21:55,File Scanned,http,http://ccmdl.adobe.com/AdobeProducts/KCCC/1/osx10/packages/ACCC_3_9_1_ADS_335/ADS.zip,10.0.0.51,104.129.67.145,fb644416db6acb8a051fddd49e97860ffad2f534af3f7bb1a1bfebe6f4697770,ZIP,2097152,Allowed
11/11/16 21:55,File Scanned,http,http://ccmdl.adobe.com/AdobeProducts/KCCC/1/osx10/packages/ACCC_3_9_1_CEF_335/CEF.zip,10.0.0.51,104.129.67.145,415e92acd2cd8c9fa2bdafc8d1192566982e0c0d4906e85615c7b0ad0592cc7e,ZIP,2097152,Allowed
11/11/16 21:55,File Scanned,http,http://ccmdl.adobe.com/AdobeProducts/KCCC/1/osx10/packages/ACCC_3_9_1_HEX_335/HEX.zip,10.0.0.51,104.129.67.145,28eb3b1c24cb62b77e0f5ed0627271563c5a705653b799aaf49ce1851affe9f0,ZIP,1626196,Allowed
11/11/16 21:55,File Scanned,http,http://ccmdl.adobe.com/AdobeProducts/KCCC/1/osx10/packages/ACCC_3_9_1_ElevationManager_335/ElevationManager.zip,10.0.0.51,104.129.67.145,9a607fe54fea61caa7eac2cbaa5d226b9b9f92ca296fd1bd286eb6c8bb45c3d4,ZIP,1708268,Allowed
11/11/16 21:55,File Scanned,http,http://ccmdl.adobe.com/AdobeProducts/KCCC/1/osx10/packages/ACCC_3_9_1_Notifications_335/Notifications.zip,10.0.0.51,104.129.67.145,14f979489d4be906b2447898349d374b2e308ce23af297ecad365a9659a47389,ZIP,2097152,Allowed
11/11/16 21:55,File Scanned,http,http://ccmdl.adobe.com/AdobeProducts/KCCC/1/osx10/packages/ACCC_3_9_1_CoreExt_335/CoreExt.zip,10.0.0.51,104.129.67.145,0aaab4150113e98ccab64859674400c2d69e7e26a9b527c7fe1e456fd7051880,ZIP,1977892,Allowed
11/11/16 21:55,File Scanned,http,http://ccmdl.adobe.com/AdobeProducts/KCCC/1/osx10/packages/ACCC_3_9_1_TCC_335/TCC.zip,10.0.0.51,104.129.67.145,2493da0cf22fa28bd1420a2c15fa5c73cbc35494018681bed2867ea492698016,ZIP,1726101,Allowed
11/11/16 21:55,File Scanned,http,http://ccmdl.adobe.com/AdobeProducts/KCCC/1/osx10/packages/ACCC_3_9_1_PDIMPackage_335/PDIM.zip,10.0.0.51,104.129.67.145,a8dca0247d4a6e2496dc4fc6d9f20d6e6707bf60090c638fb51a6febf72f9c4e,ZIP,2006318,Allowed
11/11/16 20:19,File Scanned,http,http://download-cdn.gfe.nvidia.com/packages/DAO/production/21359448/0000974B/0.dat,10.0.0.123,192.229.210.202,e2e79d6c8fcab0bf6db7e485e5eb93696209a00c612fe759a341fcb21fcebf74,MS_EXE,9739696,Allowed
11/11/16 8:56,File Scanned,http,http://iosapps.itunes.apple.com/apple-assets-us-std-000001/Purple71/v4/9e/61/23/9e612304-0bad-214c-9e66-c98f3402c91a/mzps.8111837380631866577.ipa?accessKey=1479077769_7694535215331485126_5FxQl1Gxr%2BHwieAo%2FXZVoCP%2B5XrMonwTG4qRTLrtkL57xMXvv0ew7NuPMhUYDNFxZjAOIRRWivsN%2BdASFGiB6UCcAnz9ce2nHtEqTMxnJXg3%2Fj8YIr94nhSa0YZAI40Y1pSxdNAm%2BYKnNaNUP974WOPmjef6h8vcFxNeml%2BEvagfcxO4I1WN6ekHnQSrmhuo,10.0.0.126,17.253.21.207,9ee740f78c3f9605177c1e5857c3710ecb6685affa32e0eb28fb71d7589d67ce,ZIP,4133370,Allowed
11/10/16 20:18,File Scanned,http,http://download-cdn.gfe.nvidia.com/packages/DAO/production/21356201/0000973C/0.dat,10.0.0.123,192.229.210.202,58e7b259aafd7e0a29045f7d572150dc49aa81715fe3ca910917db85a9f37094,MS_EXE,9713408,Allowed
11/10/16 16:20,File Scanned,http,http://sp1.nypost.com/qwa?r=6790KSkpK35-Y1pVfFJkZFZlZH1kYGZjVFZhYFpfZX1UYF5-ZyJ9J35gU1tWVGV9ZGhX&q=208000&s=C765970ai8ofiN-akEofGoxKHl-IiV8fCZ8fCJ-In5-ajUoWg%3D%3D%3D&l=,10.0.0.123,52.202.160.40,bdcce3082cf96d90860342dc7733bdd7e15b499f5aff3d88b13c0e1b2312de6b,SWF6,1306,Allowed
11/10/16 16:20,File Scanned,http,http://imasdk.googleapis.com/flash/core/3.252.0/adsapi.swf,10.0.0.123,209.85.201.95,1b176a73c2b9c9f3dc2f739d71ab279df4d8197e9e4943bef486c2a2a0484cde,SWF6,449774,Allowed
11/10/16 16:20,File Scanned,http,http://imasdk.googleapis.com/flash/sdkloader/adsapi_3.swf,10.0.0.123,209.85.201.95,1a23291c75b7b535d704b379bbb326bad164fed656d697400a7d5411b619ce91,SWF6,15156,Allowed
11/10/16 13:57,File Scanned,http,http://iosapps.itunes.apple.com/apple-assets-us-std-000001/Purple71/v4/d8/cb/9a/d8cb9a48-8df3-ec03-f4d4-04028709db3d/mzps.1451197348304883594.ipa?accessKey=1479009333_5446219533902941034_rywBC3pNwOqY0VBkRnevNPKz6lEx%2BBlM7uibOkWha7jGdhNtBI1IP94FJR0B78EByuYlF2skdvHjDxju63AaYE3FwrugguvhKd1qjyQMFKUMO7wa13paU7Rqu8GOJ5j86VNruux5lwzTiI9yd59D1IEneoLAWDuotytlTeuS9NCGqA3gHu4tQuV9VU022kfO,10.0.0.126,17.253.21.203,831b014d4a05bf7d84fc5fbb06d446c8db6ac90281ed5fe26dc223348002515a,ZIP,3274399,Allowed
11/10/16 7:42,File Scanned,http,http://dldir2.qq.com/invc/qqmaster/sys_opt_assist_tips/QMSysOptAssistDynData_7.2GF.zip,10.0.0.123,103.7.28.253,189784485de5f6d28548ed86f865f27a560d0fbd9e4e725e2ef351d7ab0942e5,ZIP,290144,Allowed
11/10/16 7:35,File Scanned,http,http://dlied6.qq.com/invc/xfspeed/qqpcmgr/module_update/fid1468591826_QMHMPG.ini.zip,10.0.0.123,104.129.67.145,5cf7b685b24f3f5ee334854c09f3b4797c534000082b14da2c33fcfb5fdd9575,ZIP,576,Allowed
11/10/16 7:34,File Scanned,http,http://dlied6.qq.com/invc/xfspeed/qqpcmgr/module_update/fid1477556681_RocketLanding.etf.zip,10.0.0.123,104.129.67.145,3a5e6a34a3146754177c357bc79f683e56c861c7832847b0591f5f36ae9cbf24,ZIP,637,Allowed
11/10/16 7:34,File Scanned,http,http://dlied6.qq.com/invc/xfspeed/qqpcmgr/module_update/fid1477466887_SpeedupSkinDownloader.etf.zip,10.0.0.123,104.129.67.139,d4c48389e7e7594eb8314757b2ac9450f381c030654e04079b5ceee5d71dd78f,ZIP,659,Allowed
11/10/16 7:34,File Scanned,http,http://dlied6.qq.com/invc/xfspeed/qqpcmgr/module_update/fid1461812675_QMWebExternal.etf.zip,10.0.0.123,104.129.67.145,9eb5d8306903606b52e40a3becef0abcfed1aede9e5171a710a74bc4bcd2dad9,ZIP,1339,Allowed
11/10/16 7:34,File Scanned,http,http://dlied6.qq.com/invc/xfspeed/qqpcmgr/module_update/fid1477556760_OperationFilesCfg.etf.zip,10.0.0.123,104.129.67.139,165c36f01ccc539b7c9e68dc13e73a4a23974fc4b5c688ad093f80d0257f8fde,ZIP,657,Allowed
11/10/16 3:17,File Scanned,http,http://dlied6.qq.com/invc/xfspeed/qqpcmgr/module_update/fid1477986019_QMHookCtrl.dll.zip,10.0.0.123,131.118.254.38,dcd433a1ef15dc66d35f0828d9a67ae4f57dd3e917063f8857a941d05d379b3e,ZIP,115189,Allowed
11/10/16 3:17,File Scanned,http,http://dlied6.qq.com/invc/xfspeed/qqpcmgr/module_update/fid1477900476_QMCmcTrayPlugin.dll.zip,10.0.0.123,131.118.254.38,dabf5b7e01f45dcf4e1201ccdde470b7b53c016c872cacf5ec54109499c389d1,ZIP,179944,Allowed
11/10/16 3:17,File Scanned,http,http://dlied6.qq.com/invc/xfspeed/qqpcmgr/module_update/fid1477532800_QMAutoTaskPlugin.dll.zip,10.0.0.123,131.118.254.38,42faddb24983d848150b389c5f45e96057def5acee4908a61e80ba115690ddfa,ZIP,473441,Allowed
11/10/16 3:17,File Scanned,http,http://dlied6.qq.com/invc/xfspeed/qqpcmgr/module_update/fid1477532777_AutoTaskConfig.bat.zip,10.0.0.123,131.118.254.38,398773e44b125efc89d427d4026b6a82032f7198625827bb79bbde438becfa15,ZIP,866,Allowed
11/10/16 3:17,File Scanned,http,http://dlied6.qq.com/invc/xfspeed/qqpcmgr/module_update/fid1477532751_QMAutoClean.exe.zip,10.0.0.123,131.118.254.38,14514aca13954a98e3a6a2714d7b190cefa251d228fa800b995e186ebfd5a0db,ZIP,108229,Allowed
11/10/16 3:17,File Scanned,http,http://dlied6.qq.com/invc/xfspeed/qqpcmgr/module_update/fid1477983364_QMDLPConfig.dat.zip,10.0.0.123,131.118.254.38,16fdb9157e967c7e05be233ff7d8ff398ce87e214cb96618d45e65567c8a9a7d,ZIP,6278,Allowed
11/10/16 3:16,File Scanned,http,http://dlied6.qq.com/invc/xfspeed/qqpcmgr/module_update/fid1478073725_QMSysRepLibTray.dat.zip,10.0.0.123,131.118.254.38,25f6bf9d2a980d11e4d8188d5b47646bed509973f7abc21fb7890f773211586d,ZIP,58305,Allowed
11/10/16 3:16,File Scanned,http,http://dlied6.qq.com/invc/xfspeed/qqpcmgr/module_update/fid1478074203_QMTrojanScan.rdb.zip,10.0.0.123,131.118.254.38,146818d45bf107cdd41d34b71fe2aa4f9fb9774aa36835a94c9a298a2ab7a6a7,ZIP,570595,Allowed
11/10/16 3:16,File Scanned,http,http://dlied6.qq.com/invc/xfspeed/qqpcmgr/module_update/fid1478073980_QMTrojanScan.dll.zip,10.0.0.123,131.118.254.38,332ebefe56f347e5e6b846bda03f29af8f50c44838c73dc54bff583456faf9ae,ZIP,508895,Allowed
11/10/16 3:16,File Scanned,http,http://dlied6.qq.com/invc/xfspeed/qqpcmgr/module_update/fid1478073928_QMTrojanPlugin.dll.zip,10.0.0.123,131.118.254.38,149060de7fc51d2570a2273bd2128d7ec54cd9c6435a3cb2117db730fc354414,ZIP,631733,Allowed
11/10/16 3:16,File Scanned,http,http://dlied6.qq.com/invc/xfspeed/qqpcmgr/module_update/fid1478073850_QMBrowser.rdb.zip,10.0.0.123,131.118.254.38,b0113359a83deee09824d18a728e07291c75b2db88e9e5f5857ad82c2d965271,ZIP,15083,Allowed
11/10/16 3:16,File Scanned,http,http://dlied6.qq.com/invc/xfspeed/qqpcmgr/module_update/fid1478073745_QMBrowser.exe.zip,10.0.0.123,131.118.254.38,f61adf55c0c8791db02c50732189b40d216fa16b2b4b978a201feed051df0d14,ZIP,237481,Allowed
11/10/16 3:16,File Scanned,http,http://dlied6.qq.com/invc/xfspeed/qqpcmgr/module_update/fid1478073726_QMBrowser.dat.zip,10.0.0.123,131.118.254.38,c73e739f7cccead0416201685dadcf73febd80b13a0e1a8c903324e1c6dfdcb8,ZIP,894,Allowed
11/10/16 3:16,File Scanned,http,http://dlied6.qq.com/invc/xfspeed/qqpcmgr/module_update/fid1478491375_QQSysMonX64.sys.zip,10.0.0.123,131.118.254.38,c238e54dbb7a8f3eb57c94a1da40d96c9919aea55946853f1d078e3414b61638,ZIP,79336,Allowed
11/10/16 3:16,File Scanned,http,http://dlied6.qq.com/invc/xfspeed/qqpcmgr/module_update/fid1478491359_sm01.dat.zip,10.0.0.123,131.118.254.38,23546c0b9d01d45da25ca4c8911ab571cf25240467650f956c011def6bd20acf,ZIP,2584,Allowed
11/10/16 3:16,File Scanned,http,http://dlied6.qq.com/invc/xfspeed/qqpcmgr/module_update/fid1478491343_sm02.dat.zip,10.0.0.123,131.118.254.38,60d5c284b3041713627dd3ec495741f12aec306b665ffa50e6fbd369c4e71c96,ZIP,18264,Allowed
11/10/16 3:16,File Scanned,http,http://dlied6.qq.com/invc/xfspeed/qqpcmgr/module_update/fid1478491327_sm03.dat.zip,10.0.0.123,131.118.254.38,c68ff30ba0e1d7161c45395151d09ee6820033db00b3d4467bdf1f227b6a3a99,ZIP,4688,Allowed
11/10/16 3:16,File Scanned,http,http://dlied6.qq.com/invc/xfspeed/qqpcmgr/module_update/fid1478491312_sm04.dat.zip,10.0.0.123,131.118.254.38,563ea7b5eae970ba926d2ebe5c4f985906846d2311107c2a25a1fcc74592d17d,ZIP,2768,Allowed
11/10/16 3:16,File Scanned,http,http://dlied6.qq.com/invc/xfspeed/qqpcmgr/module_update/fid1478491297_TfsFlt.sys.zip,10.0.0.123,131.118.254.38,17d6e11c862c6deef7637bf53f6e7ce310d89478a80e579be38696e1feee376c,ZIP,50716,Allowed
11/10/16 3:16,File Scanned,http,http://dlied6.qq.com/invc/xfspeed/qqpcmgr/module_update/fid1478491275_TfsFltX64.sys.zip,10.0.0.123,131.118.254.38,426dbe413628abd1200445cd2e3eea6c418cadeb8b45b8377a67cdef6e6df6d3,ZIP,50964,Allowed
11/10/16 3:16,File Scanned,http,http://dlied6.qq.com/invc/xfspeed/qqpcmgr/module_update/fid1478491231_tsksp.sys.zip,10.0.0.123,131.118.254.38,7871e1a17a22acfc515dcea251f5c970813582320f76c814f6189466b07b8688,ZIP,104750,Allowed
11/10/16 3:16,File Scanned,http,http://dlied6.qq.com/invc/xfspeed/qqpcmgr/module_update/fid1478491212_communic.dll.zip,10.0.0.123,131.118.254.38,b7e6676f3da68b44c35d1e0994fb02ad4004f5b2f53a039e10273d11a15662c4,ZIP,30492,Allowed
11/10/16 3:16,File Scanned,http,http://dlied6.qq.com/invc/xfspeed/qqpcmgr/module_update/fid1478491190_QMHIPSPolicyEng.dll.zip,10.0.0.123,131.118.254.38,303a95ec66efa85dc5a8ea7af20267c6c8dedc6a7c2fe55ac13c541bff6869cc,ZIP,366809,Allowed
11/10/16 3:16,File Scanned,http,http://dlied6.qq.com/invc/xfspeed/qqpcmgr/module_update/fid1478491154_QMHIPSService.dll.zip,10.0.0.123,131.118.254.38,b1d3d859f47d8e4489d62da37a66c06ac075b053f1162d1a2531b172ff3b2dc4,ZIP,177667,Allowed
11/10/16 3:16,File Scanned,http,http://dlied6.qq.com/invc/xfspeed/qqpcmgr/module_update/fid1478491109_QQSysMon.sys.zip,10.0.0.123,131.118.254.38,67ca5ac1fb8d073470c2d022ca50ea16be282d6a10391eb17e1c2cb557936e0e,ZIP,56755,Allowed
11/9/16 22:30,File Scanned,http,http://media.mtvnservices.com/edge/bento/miso.1.4.11.1.swf,10.0.0.123,131.118.254.41,37d253d0c67bedcfdd700ebcb187797a35c60c44d870a1e00eddbc9a9ae8b1c9,SWF6,148320,Allowed
11/9/16 20:18,File Scanned,http,http://download-cdn.gfe.nvidia.com/packages/DAO/production/21352768/00009730/0.dat,10.0.0.123,192.229.210.202,ce71b5e100b2ffa0499a431faf36c8df04f3703c5ae0dd058d6acfce5ea18a24,MS_EXE,9381376,Allowed
11/9/16 19:30,File Scanned,http,http://z.cdn.turner.com/xslo/cvp/core/base/0/CVPBase.swf?containerVersion=Container%20v2.0.4.0&autostart=true&domId=cvp_2&site=cnn&profile=expansion&isEmbedContainer=false&cachebust=false&context=expansion,10.0.0.123,23.212.169.39,285eab96e7b584ea491ad76a6abb268b1df78c41abf801f629e8537945718f4d,SWF6,37500,Allowed
11/9/16 19:26,File Scanned,http,http://z.cdn.turner.com/xslo/cvp/core/base/0/CVPBase.swf?cachebust=false&containerVersion=Container%20v2.0.4.0&autostart=true&profile=expansion&domId=cvp_3&isEmbedContainer=false&site=cnn&context=expansion,10.0.0.123,23.212.169.39,285eab96e7b584ea491ad76a6abb268b1df78c41abf801f629e8537945718f4d,SWF6,37500,Allowed
11/9/16 19:23,File Scanned,http,http://z.cdn.turner.com/xslo/cvp/core/base/0/CVPBase.swf?profile=expansion&domId=cvp_1&autostart=true&context=expansion&cachebust=false&isEmbedContainer=false&containerVersion=Container%20v2.0.4.0&site=cnn,10.0.0.123,23.212.169.39,285eab96e7b584ea491ad76a6abb268b1df78c41abf801f629e8537945718f4d,SWF6,37500,Allowed
11/9/16 19:18,File Scanned,http,http://z.cdn.turner.com/xslo/cvp/core/base/0/CVPBase.swf?cachebust=false&containerVersion=Container%20v2.0.4.0&autostart=true&profile=expansion&domId=cvp_1&isEmbedContainer=false&site=cnn&context=expansion,10.0.0.123,23.212.169.39,285eab96e7b584ea491ad76a6abb268b1df78c41abf801f629e8537945718f4d,SWF6,37500,Allowed
11/9/16 7:25,File Scanned,http,http://z.cdn.turner.com/xslo/cvp/core/base/0/CVPBase.swf?cachebust=false&containerVersion=Container%20v2.0.4.0&autostart=true&profile=expansion&domId=cvp_1&isEmbedContainer=false&site=cnn&context=watch_live,10.0.0.123,104.84.116.165,285eab96e7b584ea491ad76a6abb268b1df78c41abf801f629e8537945718f4d,SWF6,37500,Allowed
11/9/16 6:30,File Scanned,http,http://dlied6.qq.com/invc/xfspeed/qqpcmgr/data_update/did128_2016.11.09.1140_SoftAnalyzePolicy.etf.zip,10.0.0.123,131.118.254.38,f15c4bef7cee134b976fbde5366432e10c8ec575061dd8ecb479cc92c8df966b,ZIP,4000,Allowed
11/9/16 6:30,File Scanned,http,http://dlied6.qq.com/invc/xfspeed/qqpcmgr/data_update/did109_2016.11.07.99988_GCExtensionTipsData.zip.zip,10.0.0.123,131.118.254.38,46820f928303c3169acc7f360b2bf87953c31e16d63b534c1d8f0aea92cc22a0,ZIP,24778,Allowed
11/9/16 6:06,File Scanned,http,http://download.windowsupdate.com/d/msdownload/update/others/2016/11/23042690_28a6739b1e98de866bd5d0938d1d14f137820413.cab,10.0.0.111,8.254.230.158,4e84be4f46cada22c0ffb15cd6b11777e8c139fd5db47471f590ae2a68cb125d,MS_CABINET,7637,Allowed
11/9/16 0:12,File Scanned,http,http://au.download.windowsupdate.com/d/msdownload/update/software/secu/2016/11/windows10.0-kb3200970-x64-express_5dd5d765004214b5619cc7a892a9c8e2f3d5f91b.cab,10.0.0.123,13.107.4.50,759e4d766c8d6edeaab34370030204c636481e973fde71dbe31ba467eb30b060,MS_CABINET,1048576,Allowed
11/9/16 0:12,File Scanned,http,http://au.download.windowsupdate.com/c/msdownload/update/software/secu/2016/11/windows10.0-kb3202790-x64_d1ff8ddd27af98f6c5d3e8cd708808fe012f90fd.cab,10.0.0.123,13.107.4.50,531cfcb3f5a645dfc9ad37ab3ea4c5417767279a0c9089da576d18773244d2f7,MS_CABINET,1048576,Allowed
11/9/16 0:12,File Scanned,http,http://download.windowsupdate.com/c/msdownload/update/others/2016/11/22986693_2b8cd0eef9a8f6b97e8630dc806505758a89cfbf.cab,10.0.0.123,131.118.254.46,05da26dda50be44def5573fd415a58efdebc248d3c6e0c3fbf099f44dd310c16,MS_CABINET,7535,Allowed
11/9/16 0:12,File Scanned,http,http://download.windowsupdate.com/c/msdownload/update/others/2016/11/23037497_f942477a930de98325c1ba275fd8cd21bee6e3d7.cab,10.0.0.123,131.118.254.46,23c8781f20811f51561f0bdf805f9bd09510213518790726c36fe7a779e5b064,MS_CABINET,697207,Allowed
11/8/16 23:59,File Scanned,http,http://dlied6.qq.com/invc/xfspeed/qqpcmgr/module_update/fid1478657965_QMRtpCheck.dll.zip,10.0.0.123,131.118.254.41,310750887c7256245b17d8facd6c6a688a953e5693e7954f9a0f5a792bb8a639,ZIP,276331,Allowed
11/8/16 23:48,File Scanned,http,http://z.cdn.turner.com/xslo/cvp/core/player/CVP_2.5.8.0.swf,10.0.0.123,104.118.195.101,3664356f95e3131c78a1f9e7c42dba7828f336c2ca2561ceadc4fab4b825e204,SWF6,707500,Allowed
11/8/16 23:48,File Scanned,http,http://z.cdn.turner.com/xslo/cvp/core/commons/CVPCommons_2.5.8.0.swf,10.0.0.123,104.118.195.101,9a7a7ad6ed067496d4259c0a7b99aa48a5fae0dc78b37a8c7fafd61f4064d1e5,SWF6,142376,Allowed
11/8/16 23:48,File Scanned,http,http://z.cdn.turner.com/xslo/cvp/core/base/0/CVPBase.swf?profile=expansion&autostart=true&domId=cvp_1&containerVersion=Container%20v2.0.4.0&site=cnn&isEmbedContainer=false&cachebust=false&context=watch_live,10.0.0.123,104.118.195.101,285eab96e7b584ea491ad76a6abb268b1df78c41abf801f629e8537945718f4d,SWF6,37500,Allowed
11/8/16 23:41,File Scanned,http,http://imasdk.googleapis.com/flash/core/3.251.0/adsapi.swf,10.0.0.123,172.217.1.10,401934fb415d8d4e78409e192a256ac37d468fbdd86f3c2b1a62aeb06e1479b7,SWF6,448626,Allowed
11/8/16 23:41,File Scanned,http,http://imasdk.googleapis.com/flash/sdkloader/adsapi_3.swf,10.0.0.123,172.217.1.10,a3e0b702753119812ffbd61855bc857ba479c8baa7ea41f1f015d36fb2b99abe,SWF6,15155,Allowed
11/8/16 23:41,File Scanned,http,http://players.edgesuite.net/flash/plugins/osmf/advanced-streaming-plugin/v3.10/osmf2.0/AkamaiAdvancedStreamingPlugin.swf,10.0.0.123,104.129.67.154,fdca2b26dd8ed5d866c4bd3a66f297f7e31f064f74da9d4f0533df67e3d50adb,SWF6,278055,Allowed
11/8/16 23:41,File Scanned,http,http://foxnewsplayer-a.akamaihd.net/player/7.54.0.0007/resources/plugins/IMAOverlayAdPlugin.swf,10.0.0.123,131.118.254.46,9d856ca4fde150ce2ab9da0202a6d8c2ca456d125278e554c3529a641514fc22,SWF6,135379,Allowed
11/8/16 23:41,File Scanned,http,http://foxnewsplayer-a.akamaihd.net/player/7.54.0.0007/resources/plugins/ComscoreStreamSensePlugin.swf,10.0.0.123,131.118.254.46,aa5048928460420deb8747efb9fd03d5a76428f3d0da49051dae56377e3ccf5a,SWF6,46141,Allowed
11/8/16 23:41,File Scanned,http,http://foxnewsplayer-a.akamaihd.net/player/7.54.0.0007/resources/plugins/NielsenPlugin.swf,10.0.0.123,131.118.254.46,78d7c6b305205292938df4317e429acb94610648ea02c021da703847047a26fe,SWF6,2707,Allowed
11/8/16 23:41,File Scanned,http,http://foxnewsplayer-a.akamaihd.net/player/7.54.0.0007/resources/plugins/AdobeCaptionPlugin.swf,10.0.0.123,131.118.254.46,0b76060b2dae23ced3a1a9f85473adf4a590f00d4ac5676f8a15d29e862871f1,SWF6,37408,Allowed
11/8/16 23:41,File Scanned,http,http://foxnewsplayer-a.akamaihd.net/player/7.54.0.0007/resources/plugins/ErrorMessagingPlugin.swf,10.0.0.123,131.118.254.46,92fff528dc237fd44e7c7343fdb0031b919a1334f19bfb3630d271c253767f76,SWF6,4412,Allowed
11/8/16 23:41,File Scanned,http,http://foxnewsplayer-a.akamaihd.net/player/7.54.0.0007/resources/plugins/LinkedMenuPlugin.swf,10.0.0.123,131.118.254.46,04cd88c027bda9054324f761c131f910ed094a24dd1fe7341712c8e1ce3b0241,SWF6,8812,Allowed
11/8/16 23:30,File Scanned,http,http://adm.fwmrm.net/p/nbcu_live/AdManager.swf?logLevel=VERBOSE&cb=12,10.0.0.123,131.118.254.38,35a236c70a2c2505f1cae43b2d2eea169872638641c0f10ed53f9589c26be11e,SWF6,97255,Allowed
11/8/16 23:28,File Scanned,http,http://z.cdn.turner.com/xslo/cvp/core/base/0/CVPBase.swf?profile=expansion&isEmbedContainer=false&autostart=true&containerVersion=Container%20v2.0.4.0&domId=cvp_1&cachebust=false&site=cnn&context=expansion,10.0.0.123,104.118.195.101,285eab96e7b584ea491ad76a6abb268b1df78c41abf801f629e8537945718f4d,SWF6,37500,Allowed
11/8/16 23:02,File Scanned,http,http://appldnld.apple.com/ios10.0/031-86857-20161108-A36192F0-A2A1-11E6-AE74-9284F9858D7F/com_apple_MobileAsset_TimeZoneUpdate/cfe87640a03027bed3bfaed5430121145c26ca20.zip,10.10.0.7,17.253.21.205,e3b37066c5b555a31a12ab8da6b266c147068b084734760c5623086b77d8fe97,ZIP,401046,Allowed
11/8/16 11:27,File Scanned,http,http://download.windowsupdate.com/d/msdownload/update/others/2016/11/23034655_bf8f9b90a1ab5105724b08ee08ee06f3fc484c59.cab,10.0.0.111,8.254.207.142,45e0183e2f59eb611675c02106d492919793a7bcb57b1879864b665a0dc3073e,MS_CABINET,8429,Allowed
11/8/16 11:27,File Scanned,http,http://download.windowsupdate.com/c/msdownload/update/others/2016/11/23036060_36f7a993c66b4702393d4b28b7351456e5447104.cab,10.0.0.111,8.254.207.142,548c66baad1eec9c545666ac382b0389c05ed2f2e5a4cfe893ba5541743aea2f,MS_CABINET,77423,Allowed
11/8/16 8:39,File Scanned,http,http://i.gtimg.cn/club/item/parcel/scupdate/1000/keywordList_3.json/08a2e7b04d5c4234bd5e80d1ad3ee38b.json.zip,10.0.0.126,203.205.151.216,934ec9c79f95dbaabeb0da7be38e5d9b1976b3c2c9f543ac74db9bdd4b006874,ZIP,4535,Allowed
11/8/16 6:26,File Scanned,http,http://dlied6.qq.com/invc/xfspeed/qqpcmgr/data_update/did59_2016.11.08.1759_SoftVerInfo.etf.zip,10.0.0.123,131.118.254.41,f12a2f92437fee32039259feaa68f2169bbe4e258cacf605a40bfd087c822c73,ZIP,35899,Allowed
11/8/16 3:30,File Scanned,http,http://dlied6.qq.com/invc/qqpcmgr/ycswhitle/zfile_20161108.1478599509.md5.zip,10.0.0.123,131.118.254.38,e8a4657162465f56df1c2860edc33f1bd24d4feb946af23f25b2533f903b5979,ZIP,74527,Allowed
11/8/16 1:52,File Scanned,http,http://iosapps.itunes.apple.com/apple-assets-us-std-000001/Purple71/v4/89/99/0c/89990c2d-5d1f-cae5-f2c9-238de1fcd91c/mzps.6304826566968452118.ipa?accessKey=1478793093_2085416395276863592_%2BS7B6bCZ%2BC5HrapZANqNF6LDQBsmvJtKM64kMd7kZDVBs1ivRS48uJ1kFFhICV0Ps7%2F1X%2BlYlMMt2SQ3cx3HU6Gr50jbgAQAv4NfyooWE5E7Y2er1C0BK3%2Fssqq%2FUftCa2Wppg8kqPYcO6VaP%2BefIl%2FoReht5dxp3cyMhsENxoClgempffJI2CALvjX%2FLd4q,10.0.0.126,17.253.21.203,8b1f435d9608dcbab551005b7e2176675918ee1ffd2c42c624347cf73468b368,ZIP,809465,Allowed
11/7/16 21:40,File Scanned,http,http://weixinconf.qq.com/store_raw_download?buid=17907&uuid=2f59d438a74f7905d9ac711f48f32f08&fsize=23087&offset=0&__wx_t=1478583654.852113,10.0.0.126,203.205.151.212,35eb1e97b074138ac03144f96239f87d267521f73428fbf185868c1abfb910dc,ZIP,23087,Allowed
11/7/16 21:40,File Scanned,http,http://weixinconf.qq.com/store_raw_download?buid=17907&uuid=b92ce0939f55ac011537132051e0cbfa&fsize=95186&offset=0&__wx_t=1478583635.895655,10.0.0.126,203.205.151.212,20bb654404ec4f2976f15a44db4b820d1913b2d4cba05f31ad3d357db41118f5,ZIP,95186,Allowed
11/7/16 21:27,File Scanned,http,http://amsshippinglabel.assurant.com/Label.aspx?RID=E253B262-0013-46A0-AE01-4117279E110B_ENGLISH,10.0.0.51,167.79.193.122,70a66706995ec08df49e0b3009080732dae339979ae9aeb299917bbeab6423fc,PDF,1203126,Allowed
11/7/16 20:49,File Scanned,http,http://i.cdn.turner.com/cnn/.element/apps/cvp/3.0/swf/cnn_embed_2x_container.swf?site=cnn&profile=desktop&context=embed&videoId=bestoftv/2013/05/19/exp-gtk-donna-brazile.cnn&contentId=bestoftv/2013/05/19/exp-gtk-donna-brazile.cnn,10.0.0.123,23.212.169.39,8eb986483d5cda24faba6034e9e3ecec3c7ddf72f8349c49867f2d0306eb622b,SWF6,47638,Allowed
11/7/16 20:16,File Scanned,http,http://download-cdn.gfe.nvidia.com/packages/DAO/production/21342717/00009704/0.dat,10.0.0.123,104.91.32.39,40adc3538a39bea8fb61de50a8c27546101e12a631b8469ff39027a85ac1b641,MS_EXE,9338960,Allowed
11/7/16 10:30,File Scanned,http,http://st.mycdn.me/static/MegaPlayer/10-5-3/vp11.swf,10.10.0.6,217.20.155.82,55bf5e45e4cf9d883ebe43f37a869003725b9cfc58692934a9c5b7a6b1688b25,SWF6,336729,Allowed
11/7/16 6:26,File Scanned,http,http://dlied6.qq.com/invc/xfspeed/qqpcmgr/data_update/did59_2016.11.07.1758_SoftVerInfo.etf.zip,10.0.0.123,131.118.254.38,604d72898f715cecb652b08d98f2d87a64eff414ea79485ddc795641106dd240,ZIP,35909,Allowed
11/7/16 1:43,File Scanned,http,http://iosapps.itunes.apple.com/apple-assets-us-std-000001/Purple71/v4/2b/51/51/2b5151d2-5ae6-99b8-8a45-eec3d010d566/mzps.1811816852047428242.ipa?accessKey=1478706231_1117324314644450518_0j%2BDgwtRshUMxOnLljAj1QgdTlU%2BAaHIYNXqaT9dxqzP%2FU8uOSVlSA0BD0Qj2qje3G%2Fzv7B6BrL95Q%2FQYlx6KWBH%2BlUatjx99i59Cio4qu2KARMDsXwTUC%2B1j%2FC2JlhdEG7tmm%2FkJ2IzX5K7nLIZvZqdzBAcipSSNpN5jTvEdR4maKpUSm9xH97Q%2BEe94mqm,10.0.0.126,17.253.21.205,795c554bc0c241a28b29a2622baf9be6bc4c24d33836c631be439e85b3e39a8b,ZIP,7792933,Allowed
11/6/16 2:20,File Scanned,http,http://dlied6.qq.com/invc/xfspeed/qqpcmgr/module_update/fid1478330436_QMIESafeDll.dll.zip,10.0.0.123,131.118.254.38,a6e4d82a26748d43a12628543ec5366f510dcee81e245a38f7c1a1d009ee5ff3,ZIP,130401,Allowed
11/5/16 6:30,File Scanned,http,http://www.sugarloafmd.com/images/maps/102709_trailmap.pdf,10.10.0.7,97.74.144.114,9cf50db2a655baee06278f458f11cb8f830b1c5d9672a485b1ffbc6d657feb13,PDF,365607,Allowed
11/4/16 21:13,File Scanned,http,http://download-cdn.gfe.nvidia.com/packages/DAO/production/21335965/0000966E/0.dat,10.0.0.123,23.218.119.108,a125a05cb337cc6b55cd9e861992c8f64b4df3c2071ac3273f1009881b77e8f3,MS_EXE,9321416,Allowed
11/3/16 21:12,File Scanned,http,http://download-cdn.gfe.nvidia.com/packages/DAO/production/21331993/00009662/0.dat,10.0.0.123,104.91.32.39,267a53c489301053dcfcefc7014fd438017f5d1e2e0db1c3f818687c695c6c93,MS_EXE,9324072,Allowed
